Time,Process
0,P1
1,P1
2,P2
3,P2
4,P2
5,P2
6,P3
7,P3
8,P3
9,P3
10,P6
11,P6
12,P3
13,P3
14,P4
15,P4
16,P4
17,P4
18,P4
19,P4
20,P11
21,P11
22,P4
23,P4
24,P5
25,P5
26,P5
27,P5
28,P5
29,P5
30,P16
31,P16
32,P5
33,P5
34,P5
35,P5
36,P7
37,P7
38,P7
39,P7
40,P21
41,P21
42,P8
43,P8
44,P8
45,P8
46,P8
47,P8
48,P9
49,P9
50,P26
51,P26
52,P9
53,P9
54,P9
55,P9
56,P9
57,P9
58,P10
59,P10
60,P31
61,P31
62,P10
63,P10
64,P10
65,P10
66,P10
67,P10
68,P10
69,P10
70,P36
71,P36
72,P12
73,P12
74,P12
75,P12
76,P13
77,P13
78,P13
79,P13
80,P41
81,P41
82,P13
83,P13
84,P14
85,P14
86,P14
87,P14
88,P14
89,P14
90,P46
91,P46
92,P14
93,P14
94,P15
95,P15
96,P15
97,P15
98,P15
99,P15
100,P51
101,P51
102,P15
103,P15
104,P15
105,P15
106,P17
107,P17
108,P17
109,P17
110,P56
111,P56
112,P18
113,P18
114,P18
115,P18
116,P18
117,P18
118,P19
119,P19
120,P61
121,P61
122,P19
123,P19
124,P19
125,P19
126,P19
127,P19
128,P20
129,P20
130,P66
131,P66
132,P20
133,P20
134,P20
135,P20
136,P20
137,P20
138,P20
139,P20
140,P71
141,P71
142,P22
143,P22
144,P22
145,P22
146,P23
147,P23
148,P23
149,P23
150,P76
151,P76
152,P23
153,P23
154,P24
155,P24
156,P24
157,P24
158,P24
159,P24
160,P81
161,P81
162,P24
163,P24
164,P25
165,P25
166,P25
167,P25
168,P25
169,P25
170,P86
171,P86
172,P25
173,P25
174,P25
175,P25
176,P27
177,P27
178,P27
179,P27
180,P91
181,P91
182,P28
183,P28
184,P28
185,P28
186,P28
187,P28
188,P29
189,P29
190,P96
191,P96
192,P29
193,P29
194,P29
195,P29
196,P29
197,P29
198,P30
199,P30
200,P30
201,P30
202,P30
203,P30
204,P30
205,P30
206,P32
207,P32
208,P32
209,P32
210,P33
211,P33
212,P33
213,P33
214,P33
215,P33
216,P34
217,P34
218,P34
219,P34
220,P34
221,P34
222,P34
223,P34
224,P35
225,P35
226,P35
227,P35
228,P35
229,P35
230,P35
231,P35
232,P37
233,P37
234,P37
235,P37
236,P38
237,P38
238,P38
239,P38
240,P38
241,P38
242,P39
243,P39
244,P39
245,P39
246,P39
247,P39
248,P39
249,P39
250,P40
251,P40
252,P40
253,P40
254,P40
255,P40
256,P40
257,P40
258,P42
259,P42
260,P42
261,P42
262,P43
263,P43
264,P43
265,P43
266,P43
267,P43
268,P44
269,P44
270,P44
271,P44
272,P44
273,P44
274,P44
275,P44
276,P45
277,P45
278,P45
279,P45
280,P45
281,P45
282,P45
283,P45
284,P47
285,P47
286,P47
287,P47
288,P48
289,P48
290,P48
291,P48
292,P48
293,P48
294,P49
295,P49
296,P49
297,P49
298,P49
299,P49
300,P49
301,P49
302,P50
303,P50
304,P50
305,P50
306,P50
307,P50
308,P50
309,P50
310,P52
311,P52
312,P52
313,P52
314,P53
315,P53
316,P53
317,P53
318,P53
319,P53
320,P54
321,P54
322,P54
323,P54
324,P54
325,P54
326,P54
327,P54
328,P55
329,P55
330,P55
331,P55
332,P55
333,P55
334,P55
335,P55
336,P57
337,P57
338,P57
339,P57
340,P58
341,P58
342,P58
343,P58
344,P58
345,P58
346,P59
347,P59
348,P59
349,P59
350,P59
351,P59
352,P59
353,P59
354,P60
355,P60
356,P60
357,P60
358,P60
359,P60
360,P60
361,P60
362,P62
363,P62
364,P62
365,P62
366,P63
367,P63
368,P63
369,P63
370,P63
371,P63
372,P64
373,P64
374,P64
375,P64
376,P64
377,P64
378,P64
379,P64
380,P65
381,P65
382,P65
383,P65
384,P65
385,P65
386,P65
387,P65
388,P67
389,P67
390,P67
391,P67
392,P68
393,P68
394,P68
395,P68
396,P68
397,P68
398,P69
399,P69
400,P69
401,P69
402,P69
403,P69
404,P69
405,P69
406,P70
407,P70
408,P70
409,P70
410,P70
411,P70
412,P70
413,P70
414,P72
415,P72
416,P72
417,P72
418,P73
419,P73
420,P73
421,P73
422,P73
423,P73
424,P74
425,P74
426,P74
427,P74
428,P74
429,P74
430,P74
431,P74
432,P75
433,P75
434,P75
435,P75
436,P75
437,P75
438,P75
439,P75
440,P77
441,P77
442,P77
443,P77
444,P78
445,P78
446,P78
447,P78
448,P78
449,P78
450,P79
451,P79
452,P79
453,P79
454,P79
455,P79
456,P79
457,P79
458,P80
459,P80
460,P80
461,P80
462,P80
463,P80
464,P80
465,P80
466,P82
467,P82
468,P82
469,P82
470,P83
471,P83
472,P83
473,P83
474,P83
475,P83
476,P84
477,P84
478,P84
479,P84
480,P84
481,P84
482,P84
483,P84
484,P85
485,P85
486,P85
487,P85
488,P85
489,P85
490,P85
491,P85
492,P87
493,P87
494,P87
495,P87
496,P88
497,P88
498,P88
499,P88
500,P88
501,P88
502,P89
503,P89
504,P89
505,P89
506,P89
507,P89
508,P89
509,P89
510,P90
511,P90
512,P90
513,P90
514,P90
515,P90
516,P90
517,P90
518,P92
519,P92
520,P92
521,P92
522,P93
523,P93
524,P93
525,P93
526,P93
527,P93
528,P94
529,P94
530,P94
531,P94
532,P94
533,P94
534,P94
535,P94
536,P95
537,P95
538,P95
539,P95
540,P95
541,P95
542,P95
543,P95
544,P97
545,P97
546,P97
547,P97
548,P98
549,P98
550,P98
551,P98
552,P98
553,P98
554,P99
555,P99
556,P99
557,P99
558,P99
559,P99
560,P99
561,P99
562,P100
563,P100
564,P100
565,P100
566,P100
567,P100
568,P100
569,P100
570,P30
571,P30
572,P35
573,P35
574,P40
575,P40
576,P45
577,P45
578,P50
579,P50
580,P55
581,P55
582,P60
583,P60
584,P65
585,P65
586,P70
587,P70
588,P75
589,P75
590,P80
591,P80
592,P85
593,P85
594,P90
595,P90
596,P95
597,P95
598,P100
599,P100
